"fdc_id","acquisition_date","market_class","treatment","state"
"335241","2016-11-11","Dark Red Kidney","Control","PR"
"335242","2016-11-11","Dark Red Kidney","Control","PR"
"335243","2016-11-11","Dark Red Kidney","Control","PR"
"335244","2016-11-11","Dark Red Kidney","Control","PR"
"335246","2016-11-11","Pink","Control","PR"
"335247","2016-11-11","Pink","Control","PR"
"335248","2016-11-11","Pink","Control","PR"
"335249","2016-11-11","Pink","Control","PR"
"335250","2016-11-11","Pink","Control","PR"
"335251","2016-11-11","Pink","Control","PR"
"335252","2016-11-11","Pink","Control","PR"
"335253","2016-11-11","Pink","Control","PR"
"335254","2016-11-11","Pink","Control","PR"
"335255","2016-11-11","Pink","Control","PR"
"335256","2016-11-11","Pink","Control","PR"
"335257","2016-11-11","Pink","Control","PR"
"335258","2016-11-11","Pink","Control","PR"
"335259","2016-11-11","Pink","Control","PR"
"335260","2016-11-11","Pink","Control","PR"
"335261","2016-11-11","Pink","Control","PR"
"335262","2016-11-11","Pink","Control","PR"
"335263","2016-11-11","Pink","Control","PR"
"335264","2016-11-11","Pink","Control","PR"
"335265","2016-11-11","Pink","Control","PR"
"335266","2016-11-11","Pink","Control","CO"
"335267","2016-11-11","Pink","Control","CO"
"335268","2016-11-11","Pink","Control","CO"
"335269","2016-11-11","Pink","Control","CO"
"335270","2016-11-11","Pink","Control","CO"
"335271","2016-11-11","Pink","Control","CO"
"335272","2016-11-11","Pink","Control","CO"
"335273","2016-11-11","Pink","Control","CO"
"335274","2016-11-11","Pink","Control","CO"
"335275","2016-11-11","Pink","Control","CO"
"335276","2016-11-11","Pink","Control","CO"
"335277","2016-11-11","Pink","Control","CO"
"335278","2016-11-11","Pink","Control","CO"
"335279","2016-11-11","Pink","Control","CO"
"335280","2016-11-11","Pink","Control","CO"
"335281","2016-11-11","Pink","Control","CO"
"335282","2016-11-11","Pink","Control","CO"
"335283","2016-11-11","Pink","Control","CO"
"335284","2016-11-11","Pink","Control","CO"
"335285","2016-11-11","Pink","Control","CO"
"335286","2016-11-11","Pink","Control","CO"
"335287","2016-11-11","Pink","Control","CO"
"335288","2016-11-11","Pink","Control","CO"
"335289","2016-11-11","Pink","Control","CO"
"335290","2016-11-11","Pink","Control","CO"
"335291","2016-11-11","Pink","Control","CO"
"335292","2016-11-11","Pink","Control","CO"
"335293","2016-11-11","Pink","Control","CO"
"335294","2016-11-11","Pink","Control","CO"
"335295","2016-11-11","Pink","Control","CO"
"335296","2016-11-11","Pink","Control","CO"
"335297","2016-11-11","Pink","Control","CO"
"335298","2016-11-11","Pink","Control","CO"
"335299","2016-11-11","Pink","Control","CO"
"335300","2016-11-11","Pink","Control","CO"
"335301","2016-11-11","Pink","Control","CO"
"335302","2016-11-11","Pink","Control","CO"
"335303","2016-11-11","Pink","Control","CO"
"335304","2016-11-11","Pink","Control","CO"
"335305","2016-11-11","Pink","Control","CO"
"335307","2016-11-11","Navy","Control","PR"
"335308","2016-11-11","Navy","Control","PR"
"335309","2016-11-11","Navy","Control","PR"
"335310","2016-11-11","Navy","Control","PR"
"335311","2016-11-11","Navy","Control","PR"
"335312","2016-11-11","Navy","Control","PR"
"335313","2016-11-11","Navy","Control","PR"
"335314","2016-11-11","Navy","Control","PR"
"335315","2016-11-11","Navy","Control","PR"
"335316","2016-11-11","Navy","Control","PR"
"335317","2016-11-11","Navy","Control","PR"
"335318","2016-11-11","Navy","Control","PR"
"335319","2016-11-11","Navy","Control","PR"
"335320","2016-11-11","Navy","Control","PR"
"335321","2016-11-11","Navy","Control","CO"
"335322","2016-11-11","Navy","Control","CO"
"335323","2016-11-11","Navy","Control","CO"
"335324","2016-11-11","Navy","Control","CO"
"335325","2016-11-11","Navy","Control","CO"
"335326","2016-11-11","Navy","Control","CO"
"335327","2016-11-11","Navy","Control","CO"
"335328","2016-11-11","Navy","Control","CO"
"335329","2016-11-11","Navy","Control","CO"
"335330","2016-11-11","Navy","Control","CO"
"335331","2016-11-11","Navy","Control","CO"
"335332","2016-11-11","Navy","Control","CO"
"335333","2016-11-11","Navy","Control","CO"
"335334","2016-11-11","Navy","Control","CO"
"335335","2016-11-11","Navy","Control","CO"
"335336","2016-11-11","Navy","Control","CO"
"335337","2016-11-11","Navy","Control","CO"
"335338","2016-11-11","Navy","Control","CO"
"335339","2016-11-11","Navy","Control","CO"
"335340","2016-11-11","Navy","Control","CO"
"335341","2016-11-11","Navy","Control","CO"
"335342","2016-11-11","Navy","Control","CO"
"335343","2016-11-11","Navy","Control","CO"
"335344","2016-11-11","Navy","Control","CO"
"335345","2016-11-11","Navy","Control","CO"
"335346","2016-11-11","Navy","Control","CO"
"335347","2016-11-11","Navy","Control","CO"
"335348","2016-11-11","Navy","Control","CO"
"335349","2016-11-11","Navy","Control","CO"
"335350","2016-11-11","Navy","Control","CO"
"335351","2016-11-11","Navy","Control","CO"
"335352","2016-11-11","Navy","Control","CO"
"335353","2016-11-11","Navy","Control","CO"
"335354","2016-11-11","Navy","Control","CO"
"335355","2016-11-11","Navy","Control","CO"
"335356","2016-11-11","Navy","Control","CO"
"335357","2016-11-11","Navy","Control","CO"
"335358","2016-11-11","Navy","Control","CO"
"335359","2016-11-11","Navy","Control","CO"
"335360","2016-11-11","Navy","Control","CO"
"335361","2016-11-11","Navy","Control","CO"
"335362","2016-11-11","Navy","Control","CO"
"335363","2016-11-11","Navy","Control","CO"
"335364","2016-11-11","Navy","Control","CO"
"335365","2016-11-11","Navy","Control","CO"
"335366","2016-11-11","Navy","Control","CO"
"335367","2016-11-11","Navy","Control","CO"
"335368","2016-11-11","Navy","Control","CO"
"335369","2016-11-11","Navy","Control","CO"
"335370","2016-11-11","Navy","Control","CO"
"335371","2016-11-11","Navy","Control","CO"
"335372","2016-11-11","Navy","Control","CO"
"335373","2016-11-11","Navy","Control","CO"
"335374","2016-11-11","Navy","Control","CO"
"335375","2016-11-11","Navy","Control","CO"
"335376","2016-11-11","Navy","Control","CO"
"335377","2016-11-11","Navy","Control","CO"
"335378","2016-11-11","Navy","Control","CO"
"335379","2016-11-11","Navy","Control","CO"
"335380","2016-11-11","Navy","Control","CO"
"335381","2016-11-11","Navy","Control","CO"
"335382","2016-11-11","Navy","Control","CO"
"335383","2016-11-11","Navy","Control","CO"
"335384","2016-11-11","Navy","Control","CO"
"335385","2016-11-11","Navy","Control","CO"
"335386","2016-11-11","Navy","Control","CO"
"335387","2016-11-11","Navy","Control","CO"
"335388","2016-11-11","Navy","Control","CO"
"335389","2016-11-11","Navy","Control","CO"
"335390","2016-11-11","Navy","Control","CO"
"335391","2016-11-11","Navy","Control","CO"
"335392","2016-11-11","Navy","Control","CO"
"335393","2016-11-11","Navy","Control","CO"
"335394","2016-11-11","Navy","Control","CO"
"335395","2016-11-11","Navy","Control","CO"
"335396","2016-11-11","Navy","Control","CO"
"335397","2016-11-11","Navy","Control","CO"
"335398","2016-11-11","Navy","Control","CO"
"335399","2016-11-11","Navy","Control","CO"
"335400","2016-11-11","Navy","Control","CO"
"335401","2016-11-11","Navy","Control","CO"
"335402","2016-11-11","Navy","Control","CO"
"335403","2016-11-11","Navy","Control","CO"
"335404","2016-11-11","Navy","Control","CO"
"335405","2016-11-11","Navy","Control","CO"
"335406","2016-11-11","Navy","Control","CO"
"335407","2016-11-11","Navy","Control","CO"
"335408","2016-11-11","Navy","Control","CO"
"335409","2016-11-11","Navy","Control","CO"
"335410","2016-11-11","Navy","Control","CO"
"335411","2016-11-11","Navy","Control","CO"
"335412","2016-11-11","Navy","Control","CO"
"335413","2016-11-11","Navy","Control","CO"
"335414","2016-11-11","Navy","Control","CO"
"335415","2016-11-11","Navy","Control","CO"
"335416","2016-11-11","Navy","Control","CO"
"335417","2016-11-11","Navy","Control","CO"
"335418","2016-11-11","Navy","Control","CO"
"335420","2016-11-11","Light Red Kidney","Control","PR"
"335421","2016-11-11","Light Red Kidney","Control","PR"
"335423","2016-11-11","Brown","Control","CO"
"335424","2016-11-11","Brown","Control","CO"
"335426","2016-11-11","Flor de Mayo","Control","CO"
"335427","2016-11-11","Flor de Mayo","Control","CO"
"335429","2016-11-11","Carioca","Control","PR"
"335430","2016-11-11","Carioca","Control","PR"
"335431","2016-11-11","Carioca","Control","CO"
"335432","2016-11-11","Carioca","Control","CO"
"335434","2016-11-11","Tan","Control","PR"
"335435","2016-11-11","Tan","Control","PR"
"335436","2016-11-11","Tan","Control","PR"
"335437","2016-11-11","Tan","Control","PR"
"335438","2016-11-11","Tan","Control","CO"
"335439","2016-11-11","Tan","Control","CO"
"335440","2016-11-11","Tan","Control","CO"
"335441","2016-11-11","Tan","Control","CO"
"335443","2016-11-11","Pinto","Control","PR"
"335444","2016-11-11","Pinto","Control","PR"
"335445","2016-11-11","Pinto","Control","PR"
"335446","2016-11-11","Pinto","Control","PR"
"335447","2016-11-11","Pinto","Control","PR"
"335448","2016-11-11","Pinto","Control","PR"
"335449","2016-11-11","Pinto","Control","PR"
"335450","2016-11-11","Pinto","Control","PR"
"335451","2016-11-11","Pinto","Control","PR"
"335452","2016-11-11","Pinto","Control","PR"
"335453","2016-11-11","Pinto","Control","PR"
"335454","2016-11-11","Pinto","Control","PR"
"335455","2016-11-11","Pinto","Control","PR"
"335456","2016-11-11","Pinto","Control","PR"
"335457","2016-11-11","Pinto","Control","PR"
"335458","2016-11-11","Pinto","Control","PR"
"335459","2016-11-11","Pinto","Control","PR"
"335460","2016-11-11","Pinto","Control","PR"
"335461","2016-11-11","Pinto","Control","PR"
"335462","2016-11-11","Pinto","Control","PR"
"335463","2016-11-11","Pinto","Control","PR"
"335464","2016-11-11","Pinto","Control","PR"
"335465","2016-11-11","Pinto","Control","PR"
"335466","2016-11-11","Pinto","Control","PR"
"335467","2016-11-11","Pinto","Control","PR"
"335468","2016-11-11","Pinto","Control","PR"
"335469","2016-11-11","Pinto","Control","PR"
"335470","2016-11-11","Pinto","Control","PR"
"335471","2016-11-11","Pinto","Control","PR"
"335472","2016-11-11","Pinto","Control","PR"
"335473","2016-11-11","Pinto","Control","PR"
"335474","2016-11-11","Pinto","Control","PR"
"335475","2016-11-11","Pinto","Control","PR"
"335476","2016-11-11","Pinto","Control","PR"
"335477","2016-11-11","Pinto","Control","PR"
"335478","2016-11-11","Pinto","Control","PR"
"335479","2016-11-11","Pinto","Control","PR"
"335480","2016-11-11","Pinto","Control","PR"
"335481","2016-11-11","Pinto","Control","PR"
"335482","2016-11-11","Pinto","Control","PR"
"335483","2016-11-11","Pinto","Control","PR"
"335484","2016-11-11","Pinto","Control","PR"
"335485","2016-11-11","Pinto","Control","PR"
"335486","2016-11-11","Pinto","Control","PR"
"335487","2016-11-11","Pinto","Control","PR"
"335488","2016-11-11","Pinto","Control","PR"
"335489","2016-11-11","Pinto","Control","PR"
"335490","2016-11-11","Pinto","Control","PR"
"335491","2016-11-11","Pinto","Control","PR"
"335492","2016-11-11","Pinto","Control","PR"
"335493","2016-11-11","Pinto","Control","PR"
"335494","2016-11-11","Pinto","Control","PR"
"335495","2016-11-11","Pinto","Control","PR"
"335496","2016-11-11","Pinto","Control","PR"
"335497","2016-11-11","Pinto","Control","PR"
"335498","2016-11-11","Pinto","Control","PR"
"335499","2016-11-11","Pinto","Control","PR"
"335500","2016-11-11","Pinto","Control","PR"
"335501","2016-11-11","Pinto","Control","PR"
"335502","2016-11-11","Pinto","Control","PR"
"335503","2016-11-11","Pinto","Control","PR"
"335504","2016-11-11","Pinto","Control","PR"
"335505","2016-11-11","Pinto","Control","CO"
"335506","2016-11-11","Pinto","Control","CO"
"335507","2016-11-11","Pinto","Control","CO"
"335508","2016-11-11","Pinto","Control","CO"
"335509","2016-11-11","Pinto","Control","CO"
"335510","2016-11-11","Pinto","Control","CO"
"335511","2016-11-11","Pinto","Control","CO"
"335512","2016-11-11","Pinto","Control","CO"
"335513","2016-11-11","Pinto","Control","CO"
"335514","2016-11-11","Pinto","Control","CO"
"335515","2016-11-11","Pinto","Control","CO"
"335516","2016-11-11","Pinto","Control","CO"
"335517","2016-11-11","Pinto","Control","CO"
"335518","2016-11-11","Pinto","Control","CO"
"335519","2016-11-11","Pinto","Control","CO"
"335520","2016-11-11","Pinto","Control","CO"
"335521","2016-11-11","Pinto","Control","CO"
"335522","2016-11-11","Pinto","Control","CO"
"335523","2016-11-11","Pinto","Control","CO"
"335524","2016-11-11","Pinto","Control","CO"
"335525","2016-11-11","Pinto","Control","CO"
"335526","2016-11-11","Pinto","Control","CO"
"335527","2016-11-11","Pinto","Control","CO"
"335528","2016-11-11","Pinto","Control","CO"
"335529","2016-11-11","Pinto","Control","CO"
"335530","2016-11-11","Pinto","Control","CO"
"335531","2016-11-11","Pinto","Control","CO"
"335532","2016-11-11","Pinto","Control","CO"
"335533","2016-11-11","Pinto","Control","CO"
"335534","2016-11-11","Pinto","Control","CO"
"335535","2016-11-11","Pinto","Control","CO"
"335536","2016-11-11","Pinto","Control","CO"
"335537","2016-11-11","Pinto","Control","CO"
"335538","2016-11-11","Pinto","Control","CO"
"335539","2016-11-11","Pinto","Control","CO"
"335540","2016-11-11","Pinto","Control","CO"
"335541","2016-11-11","Pinto","Control","CO"
"335542","2016-11-11","Pinto","Control","CO"
"335543","2016-11-11","Pinto","Control","CO"
"335544","2016-11-11","Pinto","Control","CO"
"335545","2016-11-11","Pinto","Control","CO"
"335546","2016-11-11","Pinto","Control","CO"
"335547","2016-11-11","Pinto","Control","CO"
"335548","2016-11-11","Pinto","Control","CO"
"335549","2016-11-11","Pinto","Control","CO"
"335550","2016-11-11","Pinto","Control","CO"
"335551","2016-11-11","Pinto","Control","CO"
"335552","2016-11-11","Pinto","Control","CO"
"335553","2016-11-11","Pinto","Control","CO"
"335554","2016-11-11","Pinto","Control","CO"
"335555","2016-11-11","Pinto","Control","CO"
"335556","2016-11-11","Pinto","Control","CO"
"335557","2016-11-11","Pinto","Control","CO"
"335558","2016-11-11","Pinto","Control","CO"
"335559","2016-11-11","Pinto","Control","CO"
"335560","2016-11-11","Pinto","Control","CO"
"335561","2016-11-11","Pinto","Control","CO"
"335562","2016-11-11","Pinto","Control","CO"
"335563","2016-11-11","Pinto","Control","CO"
"335564","2016-11-11","Pinto","Control","CO"
"335565","2016-11-11","Pinto","Control","CO"
"335566","2016-11-11","Pinto","Control","CO"
"335567","2016-11-11","Pinto","Control","CO"
"335568","2016-11-11","Pinto","Control","CO"
"335569","2016-11-11","Pinto","Control","CO"
"335570","2016-11-11","Pinto","Control","CO"
"335571","2016-11-11","Pinto","Control","CO"
"335572","2016-11-11","Pinto","Control","CO"
"335573","2016-11-11","Pinto","Control","CO"
"335574","2016-11-11","Pinto","Control","CO"
"335575","2016-11-11","Pinto","Control","CO"
"335576","2016-11-11","Pinto","Control","CO"
"335577","2016-11-11","Pinto","Control","CO"
"335578","2016-11-11","Pinto","Control","CO"
"335579","2016-11-11","Pinto","Control","CO"
"335580","2016-11-11","Pinto","Control","CO"
"335581","2016-11-11","Pinto","Control","CO"
"335582","2016-11-11","Pinto","Control","CO"
"335583","2016-11-11","Pinto","Control","CO"
"335584","2016-11-11","Pinto","Control","CO"
"335585","2016-11-11","Pinto","Control","CO"
"335586","2016-11-11","Pinto","Control","CO"
"335587","2016-11-11","Pinto","Control","CO"
"335588","2016-11-11","Pinto","Control","CO"
"335589","2016-11-11","Pinto","Control","CO"
"335590","2016-11-11","Pinto","Control","CO"
"335591","2016-11-11","Pinto","Control","CO"
"335592","2016-11-11","Pinto","Control","CO"
"335593","2016-11-11","Pinto","Control","CO"
"335594","2016-11-11","Pinto","Control","CO"
"335595","2016-11-11","Pinto","Control","CO"
"335596","2016-11-11","Pinto","Control","CO"
"335597","2016-11-11","Pinto","Control","CO"
"335598","2016-11-11","Pinto","Control","CO"
"335599","2016-11-11","Pinto","Control","CO"
"335600","2016-11-11","Pinto","Control","CO"
"335601","2016-11-11","Pinto","Control","CO"
"335602","2016-11-11","Pinto","Control","CO"
"335603","2016-11-11","Pinto","Control","CO"
"335604","2016-11-11","Pinto","Control","CO"
"335605","2016-11-11","Pinto","Control","CO"
"335606","2016-11-11","Pinto","Control","CO"
"335607","2016-11-11","Pinto","Control","CO"
"335608","2016-11-11","Pinto","Control","CO"
"335609","2016-11-11","Pinto","Control","CO"
"335610","2016-11-11","Pinto","Control","CO"
"335611","2016-11-11","Pinto","Control","CO"
"335612","2016-11-11","Pinto","Control","CO"
"335613","2016-11-11","Pinto","Control","CO"
"335614","2016-11-11","Pinto","Control","CO"
"335615","2016-11-11","Pinto","Control","CO"
"335616","2016-11-11","Pinto","Control","CO"
"335617","2016-11-11","Pinto","Control","CO"
"335618","2016-11-11","Pinto","Control","CO"
"335619","2016-11-11","Pinto","Control","CO"
"335620","2016-11-11","Pinto","Control","CO"
"335621","2016-11-11","Pinto","Control","CO"
"335622","2016-11-11","Pinto","Control","CO"
"335623","2016-11-11","Pinto","Control","CO"
"335624","2016-11-11","Pinto","Control","CO"
"335625","2016-11-11","Pinto","Control","CO"
"335626","2016-11-11","Pinto","Control","CO"
"335627","2016-11-11","Pinto","Control","CO"
"335628","2016-11-11","Pinto","Control","CO"
"335629","2016-11-11","Pinto","Control","CO"
"335630","2016-11-11","Pinto","Control","CO"
"335631","2016-11-11","Pinto","Control","CO"
"335632","2016-11-11","Pinto","Control","CO"
"335633","2016-11-11","Pinto","Control","CO"
"335634","2016-11-11","Pinto","Control","CO"
"335635","2016-11-11","Pinto","Control","CO"
"335636","2016-11-11","Pinto","Control","CO"
"335637","2016-11-11","Pinto","Control","CO"
"335638","2016-11-11","Pinto","Control","CO"
"335639","2016-11-11","Pinto","Control","CO"
"335640","2016-11-11","Pinto","Control","CO"
"335641","2016-11-11","Pinto","Control","CO"
"335642","2016-11-11","Pinto","Control","CO"
"335643","2016-11-11","Pinto","Control","CO"
"335644","2016-11-11","Pinto","Control","CO"
"335645","2016-11-11","Pinto","Control","CO"
"335646","2016-11-11","Pinto","Control","CO"
"335647","2016-11-11","Pinto","Control","CO"
"335648","2016-11-11","Pinto","Control","CO"
"335649","2016-11-11","Pinto","Control","CO"
"335650","2016-11-11","Pinto","Control","CO"
"335651","2016-11-11","Pinto","Control","CO"
"335652","2016-11-11","Pinto","Control","CO"
"335653","2016-11-11","Pinto","Control","CO"
"335654","2016-11-11","Pinto","Control","CO"
"335655","2016-11-11","Pinto","Control","CO"
"335656","2016-11-11","Pinto","Control","CO"
"335657","2016-11-11","Pinto","Control","CO"
"335658","2016-11-11","Pinto","Control","CO"
"335659","2016-11-11","Pinto","Control","CO"
"335660","2016-11-11","Pinto","Control","CO"
"335661","2016-11-11","Pinto","Control","CO"
"335662","2016-11-11","Pinto","Control","CO"
"335663","2016-11-11","Pinto","Control","CO"
"335664","2016-11-11","Pinto","Control","CO"
"335665","2016-11-11","Pinto","Control","CO"
"335666","2016-11-11","Pinto","Control","CO"
"335667","2016-11-11","Pinto","Control","CO"
"335668","2016-11-11","Pinto","Control","CO"
"335669","2016-11-11","Pinto","Control","CO"
"335670","2016-11-11","Pinto","Control","CO"
"335671","2016-11-11","Pinto","Control","CO"
"335672","2016-11-11","Pinto","Control","CO"
"335673","2016-11-11","Pinto","Control","CO"
"335674","2016-11-11","Pinto","Control","CO"
"335675","2016-11-11","Pinto","Control","CO"
"335676","2016-11-11","Pinto","Control","CO"
"335677","2016-11-11","Pinto","Control","CO"
"335678","2016-11-11","Pinto","Control","CO"
"335679","2016-11-11","Pinto","Control","CO"
"335680","2016-11-11","Pinto","Control","CO"
"335681","2016-11-11","Pinto","Control","CO"
"335682","2016-11-11","Pinto","Control","CO"
"335683","2016-11-11","Pinto","Control","CO"
"335684","2016-11-11","Pinto","Control","CO"
"335685","2016-11-11","Pinto","Control","CO"
"335686","2016-11-11","Pinto","Control","CO"
"335687","2016-11-11","Pinto","Control","CO"
"335688","2016-11-11","Pinto","Control","CO"
"335689","2016-11-11","Pinto","Control","CO"
"335690","2016-11-11","Pinto","Control","CO"
"335691","2016-11-11","Pinto","Control","CO"
"335692","2016-11-11","Pinto","Control","CO"
"335693","2016-11-11","Pinto","Control","CO"
"335694","2016-11-11","Pinto","Control","CO"
"335696","2016-11-11","Small Red","Control","PR"
"335697","2016-11-11","Small Red","Control","PR"
"335698","2016-11-11","Small Red","Control","PR"
"335699","2016-11-11","Small Red","Control","PR"
"335700","2016-11-11","Small Red","Control","PR"
"335701","2016-11-11","Small Red","Control","PR"
"335702","2016-11-11","Small Red","Control","PR"
"335703","2016-11-11","Small Red","Control","PR"
"335704","2016-11-11","Small Red","Control","PR"
"335705","2016-11-11","Small Red","Control","PR"
"335706","2016-11-11","Small Red","Control","PR"
"335707","2016-11-11","Small Red","Control","PR"
"335708","2016-11-11","Small Red","Control","PR"
"335709","2016-11-11","Small Red","Control","PR"
"335710","2016-11-11","Small Red","Control","PR"
"335711","2016-11-11","Small Red","Control","PR"
"335712","2016-11-11","Small Red","Control","PR"
"335713","2016-11-11","Small Red","Control","PR"
"335714","2016-11-11","Small Red","Control","CO"
"335715","2016-11-11","Small Red","Control","CO"
"335716","2016-11-11","Small Red","Control","CO"
"335717","2016-11-11","Small Red","Control","CO"
"335718","2016-11-11","Small Red","Control","CO"
"335719","2016-11-11","Small Red","Control","CO"
"335720","2016-11-11","Small Red","Control","CO"
"335721","2016-11-11","Small Red","Control","CO"
"335722","2016-11-11","Small Red","Control","CO"
"335723","2016-11-11","Small Red","Control","CO"
"335724","2016-11-11","Small Red","Control","CO"
"335725","2016-11-11","Small Red","Control","CO"
"335726","2016-11-11","Small Red","Control","CO"
"335727","2016-11-11","Small Red","Control","CO"
"335728","2016-11-11","Small Red","Control","CO"
"335729","2016-11-11","Small Red","Control","CO"
"335730","2016-11-11","Small Red","Control","CO"
"335731","2016-11-11","Small Red","Control","CO"
"335732","2016-11-11","Small Red","Control","CO"
"335733","2016-11-11","Small Red","Control","CO"
"335734","2016-11-11","Small Red","Control","CO"
"335735","2016-11-11","Small Red","Control","CO"
"335736","2016-11-11","Small Red","Control","CO"
"335737","2016-11-11","Small Red","Control","CO"
"335738","2016-11-11","Small Red","Control","CO"
"335739","2016-11-11","Small Red","Control","CO"
"335740","2016-11-11","Small Red","Control","CO"
"335741","2016-11-11","Small Red","Control","CO"
"335742","2016-11-11","Small Red","Control","CO"
"335743","2016-11-11","Small Red","Control","CO"
"335744","2016-11-11","Small Red","Control","CO"
"335745","2016-11-11","Small Red","Control","CO"
"335746","2016-11-11","Small Red","Control","CO"
"335747","2016-11-11","Small Red","Control","CO"
"335748","2016-11-11","Small Red","Control","CO"
"335749","2016-11-11","Small Red","Control","CO"
"335750","2016-11-11","Small Red","Control","CO"
"335751","2016-11-11","Small Red","Control","CO"
"335752","2016-11-11","Small Red","Control","CO"
"335753","2016-11-11","Small Red","Control","CO"
"335754","2016-11-11","Small Red","Control","CO"
"335755","2016-11-11","Small Red","Control","CO"
"335756","2016-11-11","Small Red","Control","CO"
"335757","2016-11-11","Small Red","Control","CO"
"335758","2016-11-11","Small Red","Control","CO"
"335759","2016-11-11","Small Red","Control","CO"
"335760","2016-11-11","Small Red","Control","CO"
"335761","2016-11-11","Small Red","Control","CO"
"335762","2016-11-11","Small Red","Control","CO"
"335763","2016-11-11","Small Red","Control","CO"
"335764","2016-11-11","Small Red","Control","CO"
"335765","2016-11-11","Small Red","Control","CO"
"335766","2016-11-11","Small Red","Control","CO"
"335767","2016-11-11","Small Red","Control","CO"
"335768","2016-11-11","Small Red","Control","CO"
"335769","2016-11-11","Small Red","Control","CO"
"335770","2016-11-11","Small Red","Control","CO"
"335771","2016-11-11","Small Red","Control","CO"
"335772","2016-11-11","Small Red","Control","CO"
"335773","2016-11-11","Small Red","Control","CO"
"335775","2016-11-11","Medium Red","Control","CO"
"335776","2016-11-11","Medium Red","Control","CO"
"335778","2016-11-11","Cranberry","Control","PR"
"335779","2016-11-11","Cranberry","Control","PR"
"335780","2016-11-11","Cranberry","Control","CO"
"335781","2016-11-11","Cranberry","Control","CO"
"335783","2016-11-11","Light Tan","Control","PR"
"335784","2016-11-11","Light Tan","Control","PR"
"335786","2016-11-11","Black","Control","PR"
"335787","2016-11-11","Black","Control","PR"
"335788","2016-11-11","Black","Control","PR"
"335789","2016-11-11","Black","Control","PR"
"335790","2016-11-11","Black","Control","PR"
"335791","2016-11-11","Black","Control","PR"
"335792","2016-11-11","Black","Control","PR"
"335793","2016-11-11","Black","Control","PR"
"335794","2016-11-11","Black","Control","PR"
"335795","2016-11-11","Black","Control","PR"
"335796","2016-11-11","Black","Control","PR"
"335797","2016-11-11","Black","Control","PR"
"335798","2016-11-11","Black","Control","PR"
"335799","2016-11-11","Black","Control","PR"
"335800","2016-11-11","Black","Control","PR"
"335801","2016-11-11","Black","Control","PR"
"335802","2016-11-11","Black","Control","PR"
"335803","2016-11-11","Black","Control","PR"
"335804","2016-11-11","Black","Control","PR"
"335805","2016-11-11","Black","Control","PR"
"335806","2016-11-11","Black","Control","PR"
"335807","2016-11-11","Black","Control","PR"
"335808","2016-11-11","Black","Control","PR"
"335809","2016-11-11","Black","Control","PR"
"335810","2016-11-11","Black","Control","PR"
"335811","2016-11-11","Black","Control","PR"
"335812","2016-11-11","Black","Control","PR"
"335813","2016-11-11","Black","Control","PR"
"335814","2016-11-11","Black","Control","PR"
"335815","2016-11-11","Black","Control","PR"
"335816","2016-11-11","Black","Control","CO"
"335817","2016-11-11","Black","Control","CO"
"335818","2016-11-11","Black","Control","CO"
"335819","2016-11-11","Black","Control","CO"
"335820","2016-11-11","Black","Control","CO"
"335821","2016-11-11","Black","Control","CO"
"335822","2016-11-11","Black","Control","CO"
"335823","2016-11-11","Black","Control","CO"
"335824","2016-11-11","Black","Control","CO"
"335825","2016-11-11","Black","Control","CO"
"335826","2016-11-11","Black","Control","CO"
"335827","2016-11-11","Black","Control","CO"
"335828","2016-11-11","Black","Control","CO"
"335829","2016-11-11","Black","Control","CO"
"335830","2016-11-11","Black","Control","CO"
"335831","2016-11-11","Black","Control","CO"
"335832","2016-11-11","Black","Control","CO"
"335833","2016-11-11","Black","Control","CO"
"335834","2016-11-11","Black","Control","CO"
"335835","2016-11-11","Black","Control","CO"
"335836","2016-11-11","Black","Control","CO"
"335837","2016-11-11","Black","Control","CO"
"335838","2016-11-11","Black","Control","CO"
"335839","2016-11-11","Black","Control","CO"
"335840","2016-11-11","Black","Control","CO"
"335841","2016-11-11","Black","Control","CO"
"335842","2016-11-11","Black","Control","CO"
"335843","2016-11-11","Black","Control","CO"
"335844","2016-11-11","Black","Control","CO"
"335845","2016-11-11","Black","Control","CO"
"335846","2016-11-11","Black","Control","CO"
"335847","2016-11-11","Black","Control","CO"
"335848","2016-11-11","Black","Control","CO"
"335849","2016-11-11","Black","Control","CO"
"335850","2016-11-11","Black","Control","CO"
"335851","2016-11-11","Black","Control","CO"
"335852","2016-11-11","Black","Control","CO"
"335853","2016-11-11","Black","Control","CO"
"335854","2016-11-11","Black","Control","CO"
"335855","2016-11-11","Black","Control","CO"
"335856","2016-11-11","Black","Control","CO"
"335857","2016-11-11","Black","Control","CO"
"335858","2016-11-11","Black","Control","CO"
"335859","2016-11-11","Black","Control","CO"
"335860","2016-11-11","Black","Control","CO"
"335861","2016-11-11","Black","Control","CO"
"335862","2016-11-11","Black","Control","CO"
"335863","2016-11-11","Black","Control","CO"
"335864","2016-11-11","Black","Control","CO"
"335865","2016-11-11","Black","Control","CO"
"335866","2016-11-11","Black","Control","CO"
"335867","2016-11-11","Black","Control","CO"
"335868","2016-11-11","Black","Control","CO"
"335869","2016-11-11","Black","Control","CO"
"335870","2016-11-11","Black","Control","CO"
"335871","2016-11-11","Black","Control","CO"
"335872","2016-11-11","Black","Control","CO"
"335873","2016-11-11","Black","Control","CO"
"335874","2016-11-11","Black","Control","CO"
"335875","2016-11-11","Black","Control","CO"
"335876","2016-11-11","Black","Control","CO"
"335877","2016-11-11","Black","Control","CO"
"335878","2016-11-11","Black","Control","CO"
"335879","2016-11-11","Black","Control","CO"
"335880","2016-11-11","Black","Control","CO"
"335881","2016-11-11","Black","Control","CO"
"335882","2016-11-11","Black","Control","CO"
"335883","2016-11-11","Black","Control","CO"
"335884","2016-11-11","Black","Control","CO"
"335885","2016-11-11","Black","Control","CO"
"335886","2016-11-11","Black","Control","CO"
"335887","2016-11-11","Black","Control","CO"
"335888","2016-11-11","Black","Control","CO"
"335889","2016-11-11","Black","Control","CO"
"335890","2016-11-11","Black","Control","CO"
"335891","2016-11-11","Black","Control","CO"
"335892","2016-11-11","Black","Control","CO"
"335893","2016-11-11","Black","Control","CO"
"335894","2016-11-11","Black","Control","CO"
"335895","2016-11-11","Black","Control","CO"
"335896","2016-11-11","Black","Control","CO"
"335897","2016-11-11","Black","Control","CO"
"335898","2016-11-11","Black","Control","CO"
"335899","2016-11-11","Black","Control","CO"
"335900","2016-11-11","Black","Control","CO"
"335901","2016-11-11","Black","Control","CO"
"335902","2016-11-11","Black","Control","CO"
"335903","2016-11-11","Black","Control","CO"
"335904","2016-11-11","Black","Control","CO"
"335905","2016-11-11","Black","Control","CO"
"335906","2016-11-11","Black","Control","CO"
"335907","2016-11-11","Black","Control","CO"
"335908","2016-11-11","Black","Control","CO"
"335909","2016-11-11","Black","Control","CO"
"335910","2016-11-11","Black","Control","CO"
"335911","2016-11-11","Black","Control","CO"
"335913","2016-11-11","Small White","Control","PR"
"335914","2016-11-11","Small White","Control","PR"
"335915","2016-11-11","Small White","Control","CO"
"335916","2016-11-11","Small White","Control","CO"
"335917","2016-11-11","Small White","Control","CO"
"335918","2016-11-11","Small White","Control","CO"
"335919","2016-11-11","Small White","Control","CO"
"335920","2016-11-11","Small White","Control","CO"
"335921","2016-11-11","Small White","Control","CO"
"335922","2016-11-11","Small White","Control","CO"
"335923","2016-11-11","Small White","Control","CO"
"335924","2016-11-11","Small White","Control","CO"
"335925","2016-11-11","Small White","Control","CO"
"335926","2016-11-11","Small White","Control","CO"
"335928","2016-11-11","Red","Control","CO"
"335929","2016-11-11","Red","Control","CO"
"335931","2016-11-11","Great Northern","Control","PR"
"335932","2016-11-11","Great Northern","Control","PR"
"335933","2016-11-11","Great Northern","Control","PR"
"335934","2016-11-11","Great Northern","Control","PR"
"335935","2016-11-11","Great Northern","Control","PR"
"335936","2016-11-11","Great Northern","Control","PR"
"335937","2016-11-11","Great Northern","Control","PR"
"335938","2016-11-11","Great Northern","Control","PR"
"335939","2016-11-11","Great Northern","Control","PR"
"335940","2016-11-11","Great Northern","Control","PR"
"335941","2016-11-11","Great Northern","Control","PR"
"335942","2016-11-11","Great Northern","Control","PR"
"335943","2016-11-11","Great Northern","Control","PR"
"335944","2016-11-11","Great Northern","Control","PR"
"335945","2016-11-11","Great Northern","Control","PR"
"335946","2016-11-11","Great Northern","Control","PR"
"335947","2016-11-11","Great Northern","Control","PR"
"335948","2016-11-11","Great Northern","Control","PR"
"335949","2016-11-11","Great Northern","Control","PR"
"335950","2016-11-11","Great Northern","Control","PR"
"335951","2016-11-11","Great Northern","Control","PR"
"335952","2016-11-11","Great Northern","Control","PR"
"335953","2016-11-11","Great Northern","Control","PR"
"335954","2016-11-11","Great Northern","Control","PR"
"335955","2016-11-11","Great Northern","Control","PR"
"335956","2016-11-11","Great Northern","Control","PR"
"335957","2016-11-11","Great Northern","Control","PR"
"335958","2016-11-11","Great Northern","Control","PR"
"335959","2016-11-11","Great Northern","Control","PR"
"335960","2016-11-11","Great Northern","Control","PR"
"335961","2016-11-11","Great Northern","Control","PR"
"335962","2016-11-11","Great Northern","Control","PR"
"335963","2016-11-11","Great Northern","Control","PR"
"335964","2016-11-11","Great Northern","Control","PR"
"335965","2016-11-11","Great Northern","Control","PR"
"335966","2016-11-11","Great Northern","Control","PR"
"335967","2016-11-11","Great Northern","Control","CO"
"335968","2016-11-11","Great Northern","Control","CO"
"335969","2016-11-11","Great Northern","Control","CO"
"335970","2016-11-11","Great Northern","Control","CO"
"335971","2016-11-11","Great Northern","Control","CO"
"335972","2016-11-11","Great Northern","Control","CO"
"335973","2016-11-11","Great Northern","Control","CO"
"335974","2016-11-11","Great Northern","Control","CO"
"335975","2016-11-11","Great Northern","Control","CO"
"335976","2016-11-11","Great Northern","Control","CO"
"335977","2016-11-11","Great Northern","Control","CO"
"335978","2016-11-11","Great Northern","Control","CO"
"335979","2016-11-11","Great Northern","Control","CO"
"335980","2016-11-11","Great Northern","Control","CO"
"335981","2016-11-11","Great Northern","Control","CO"
"335982","2016-11-11","Great Northern","Control","CO"
"335983","2016-11-11","Great Northern","Control","CO"
"335984","2016-11-11","Great Northern","Control","CO"
"335985","2016-11-11","Great Northern","Control","CO"
"335986","2016-11-11","Great Northern","Control","CO"
"335987","2016-11-11","Great Northern","Control","CO"
"335988","2016-11-11","Great Northern","Control","CO"
"335989","2016-11-11","Great Northern","Control","CO"
"335990","2016-11-11","Great Northern","Control","CO"
"335991","2016-11-11","Great Northern","Control","CO"
"335992","2016-11-11","Great Northern","Control","CO"
"335993","2016-11-11","Great Northern","Control","CO"
"335994","2016-11-11","Great Northern","Control","CO"
"335995","2016-11-11","Great Northern","Control","CO"
"335996","2016-11-11","Great Northern","Control","CO"
"335997","2016-11-11","Great Northern","Control","CO"
"335998","2016-11-11","Great Northern","Control","CO"
"335999","2016-11-11","Great Northern","Control","CO"
"336000","2016-11-11","Great Northern","Control","CO"
"336001","2016-11-11","Great Northern","Control","CO"
"336002","2016-11-11","Great Northern","Control","CO"
"336003","2016-11-11","Great Northern","Control","CO"
"336004","2016-11-11","Great Northern","Control","CO"
"336005","2016-11-11","Great Northern","Control","CO"
"336006","2016-11-11","Great Northern","Control","CO"
"336007","2016-11-11","Great Northern","Control","CO"
"336008","2016-11-11","Great Northern","Control","CO"
"336009","2016-11-11","Great Northern","Control","CO"
"336010","2016-11-11","Great Northern","Control","CO"
"336011","2016-11-11","Great Northern","Control","CO"
"336012","2016-11-11","Great Northern","Control","CO"
"336013","2016-11-11","Great Northern","Control","CO"
"336014","2016-11-11","Great Northern","Control","CO"
"336015","2016-11-11","Great Northern","Control","CO"
"336016","2016-11-11","Great Northern","Control","CO"
"336017","2016-11-11","Great Northern","Control","CO"
"336018","2016-11-11","Great Northern","Control","CO"
"336019","2016-11-11","Great Northern","Control","CO"
"336020","2016-11-11","Great Northern","Control","CO"
"336021","2016-11-11","Great Northern","Control","CO"
"336022","2016-11-11","Great Northern","Control","CO"
"336023","2016-11-11","Great Northern","Control","CO"
"336024","2016-11-11","Great Northern","Control","CO"
"336025","2016-11-11","Great Northern","Control","CO"
"336026","2016-11-11","Great Northern","Control","CO"
"336027","2016-11-11","Great Northern","Control","CO"
"336028","2016-11-11","Great Northern","Control","CO"
"336029","2016-11-11","Great Northern","Control","CO"
"336030","2016-11-11","Great Northern","Control","CO"
"336031","2016-11-11","Great Northern","Control","CO"
"336032","2016-11-11","Great Northern","Control","CO"
"336033","2016-11-11","Great Northern","Control","CO"
"336034","2016-11-11","Great Northern","Control","CO"
"336035","2016-11-11","Great Northern","Control","CO"
"336036","2016-11-11","Great Northern","Control","CO"
"336037","2016-11-11","Great Northern","Control","CO"
"336038","2016-11-11","Great Northern","Control","CO"
"336039","2016-11-11","Great Northern","Control","CO"
"336040","2016-11-11","Great Northern","Control","CO"
"336041","2016-11-11","Great Northern","Control","CO"
"336042","2016-11-11","Great Northern","Control","CO"
"336043","2016-11-11","Great Northern","Control","CO"
"336044","2016-11-11","Great Northern","Control","CO"
"336045","2016-11-11","Great Northern","Control","CO"
"336046","2016-11-11","Great Northern","Control","CO"
"336047","2016-11-11","Great Northern","Control","CO"
"336048","2016-11-11","Great Northern","Control","CO"
"336049","2016-11-11","Great Northern","Control","CO"
"336050","2016-11-11","Great Northern","Control","CO"
"336051","2016-11-11","Great Northern","Control","CO"
"336052","2016-11-11","Great Northern","Control","CO"
"336053","2016-11-11","Great Northern","Control","CO"
"336054","2016-11-11","Great Northern","Control","CO"
"336055","2016-11-11","Great Northern","Control","CO"
"336056","2016-11-11","Great Northern","Control","CO"
"336057","2016-11-11","Great Northern","Control","CO"
"336058","2016-11-11","Great Northern","Control","CO"
"336059","2016-11-11","Great Northern","Control","CO"
"336060","2016-11-11","Great Northern","Control","CO"
"336061","2016-11-11","Great Northern","Control","CO"
"336062","2016-11-11","Great Northern","Control","CO"
"336063","2016-11-11","Great Northern","Control","CO"
"336064","2016-11-11","Great Northern","Control","CO"
"336065","2016-11-11","Great Northern","Control","CO"
"336066","2016-11-11","Great Northern","Control","CO"
